codice_identificativo_sito,sito_logistico,indirizzo,partita_iva,codice_comune,comune,codice_provincia,sigla_provincia,provincia,codice_regione,regione,data_inizio_validita,data_fine_validita,CAP,MUNICIPIO,ID_NIL,NIL,Location,LONG_X_4326,LAT_Y_4326,lon,lat,id_nil,municipio,nil,data_fine
2701,Pharma & Shop,"via Senigallia, 18/2",4335800969,15146,MILANO,15,MI,MILANO,30,LOMBARDIA,2007-01-02T00:00:00,,20161.0,9.0,83.0,BRUZZANO,"(45.53182799999999, 9.166837500000014)",9.1668375,45.531828,9.166837500000014,45.531828,83.0,9.0,Bruzzano,
2743,Parafarmacia Le NORD,"P.zza Cadorna,10",3001390131,15146,MILANO,15,MI,MILANO,30,LOMBARDIA,2007-01-02T00:00:00,,20123.0,1.0,7.0,MAGENTA - S. VITTORE,"(45.46858499999999, 9.176215500000012)",9.1762155,45.468585,9.176215500000012,45.468585,7.0,1.0,Magenta - S. Vittore,
3151,Ipercoop La Torre,"Via Benozzo Gozzoli, 130",856620158,15146,MILANO,15,MI,MILANO,30,LOMBARDIA,2016-01-06T00:00:00,,20152.0,7.0,55.0,BAGGIO - Q.RE DEGLI OLMI - Q.RE VALSESIA,"(45.450728999999995, 9.09710100000001)",9.097101,45.450729,9.097101,45.450729,55.0,7.0,Baggio - Q.Re Degli Olmi - Q.Re Valsesia,
3274,+Medical Milano Lodi,Viale Umbria ang. Via P. Colletta,1590200125,15146,MILANO,15,MI,MILANO,30,LOMBARDIA,2025-01-07T00:00:00,,20135.0,4.0,28.0,UMBRIA - MOLISE - CALVAIRATE,"(45.44809323900006, 9.210911493000026)",9.210911493000026,45.44809323900006,9.210911493000026,45.44809323900006,28.0,4.0,Umbria - Molise - Calvairate,
3803,parafarmacia auranova di rodegher alessandra&c,viale ungheria 10,5839550968,15146,MILANO,15,MI,MILANO,30,LOMBARDIA,2007-01-09T00:00:00,,20138.0,4.0,30.0,TALIEDO - MORSENCHIO - Q.RE FORLANINI,"(45.44554500000001, 9.243306000000018)",9.243306,45.445545,9.243306,45.445545,30.0,4.0,Taliedo - Morsenchio - Q.Re Forlanini,
4498,MEDI-MARKET ITALIA SRL,"Corso Buenos Aires, 25",4873590964,15146,MILANO,15,MI,MILANO,30,LOMBARDIA,2022-01-08T00:00:00,,20124.0,3.0,21.0,BUENOS AIRES - PORTA VENEZIA - PORTA MONFORTE,"(45.478781999999995, 9.209182499999997)",9.2091825,45.478782,9.2091825,45.478782,21.0,3.0,Buenos Aires - Porta Venezia - Porta Monforte,
4762,Centro Botanico,Via Cesare Correnti 10/12,13049560157,15146,MILANO,15,MI,MILANO,30,LOMBARDIA,2008-01-04T00:00:00,,20123.0,1.0,1.0,DUOMO,"(45.459873000000016, 9.180004499999995)",9.1800045,45.459873,9.1800045,45.459873,1.0,1.0,Duomo,
4888,ERBORISTERIA LA MADRESELVA,"LARGO USUELLI, 1",5117840156,15146,MILANO,15,MI,MILANO,30,LOMBARDIA,2008-01-05T00:00:00,,20159.0,9.0,11.0,ISOLA,"(45.49103099999999, 9.189459)",9.189459,45.491031,9.189459,45.491031,11.0,9.0,Isola,
5665,PARAFARMACIE MILANO DI ALESSANDRA DEL MARE,VIALE MONTE NERO 46,6526710964,15146,MILANO,15,MI,MILANO,30,LOMBARDIA,2009-01-04T00:00:00,,20135.0,4.0,26.0,XXII MARZO,"(45.457460999999995, 9.205784999999992)",9.205785,45.457461,9.205785,45.457461,26.0,4.0,Xxii Marzo,
5747,Ortopedia Leone Srl,"via olgettina, 60",6326500961,15146,MILANO,15,MI,MILANO,30,LOMBARDIA,2013-01-03T00:00:00,,20132.0,3.0,18.0,CIMIANO - ROTTOLE - Q.RE FELTRE,"(45.50606100000002, 9.267849000000012)",9.267849,45.506061,9.267849,45.506061,18.0,3.0,Cimiano - Rottole - Q.Re Feltre,
5890,parafarmacia lina,via ripamonti 40,10130680159,15146,MILANO,15,MI,MILANO,30,LOMBARDIA,2009-01-07T00:00:00,,20136.0,5.0,5.0,PORTA VIGENTINA - PORTA LODOVICA,"(45.44618400000002, 9.197829000000013)",9.197829,45.446184,9.197829,45.446184,5.0,5.0,Porta Vigentina - Porta Lodovica,
6178,Arnone Company sas di Arnone Raffaele e C.,Corso di Porta Vigentina 40,6882000968,15146,MILANO,15,MI,MILANO,30,LOMBARDIA,2012-01-10T00:00:00,,20122.0,1.0,5.0,PORTA VIGENTINA - PORTA LODOVICA,"(45.453213000000005, 9.196091999999993)",9.196092,45.453213,9.196092,45.453213,5.0,1.0,Porta Vigentina - Porta Lodovica,
6263,Parafarmacia S.Ambrogio,via De Amicis 33,6940770966,15146,MILANO,15,MI,MILANO,30,LOMBARDIA,2010-01-03T00:00:00,,20123.0,1.0,7.0,MAGENTA - S. VITTORE,"(45.459306, 9.176598000000013)",9.176598,45.459306,9.176598,45.459306,7.0,1.0,Magenta - S. Vittore,
6276,Parafarmacia di via Missaglia,"via Missaglia, 97 Milano",4335800969,15146,MILANO,15,MI,MILANO,30,LOMBARDIA,2010-01-03T00:00:00,,20142.0,5.0,41.0,GRATOSOGLIO - Q.RE MISSAGLIA - Q.RE TERRAZZE,"(45.410319000000015, 9.17509050000001)",9.1750905,45.410319,9.17509050000001,45.410319,41.0,5.0,Gratosoglio - Q.Re Missaglia - Q.Re Terrazze,
6849,ORTOFARMA SRL,Piazza DELL'OSPEDALE MAGGIORE 3,3965450160,15146,MILANO,15,MI,MILANO,30,LOMBARDIA,2022-01-10T00:00:00,,20162.0,9.0,14.0,NIGUARDA - CA' GRANDA - PRATO CENTENARO - Q.RE FULVIO TESTI,"(45.509229000000005, 9.188680500000004)",9.1886805,45.509229,9.1886805,45.509229,14.0,9.0,Niguarda - Ca' Granda - Prato Centenaro - Q.Re Fulvio Testi,
6939,parafarmacia,largo domodossola 7,5595210963,15146,MILANO,15,MI,MILANO,30,LOMBARDIA,2010-01-11T00:00:00,,20145.0,8.0,68.0,PAGANO,"(45.480114000000015, 9.16041150000001)",9.1604115,45.480114,9.1604115,45.480114,68.0,8.0,Pagano,
6961,INFARMA PARAFARMACIA,Via col moschin 1,8943460967,15146,MILANO,15,MI,MILANO,30,LOMBARDIA,2015-01-02T00:00:00,,20136.0,5.0,6.0,PORTA TICINESE - CONCA DEL NAVIGLIO,"(45.45173700000001, 9.184999500000004)",9.1849995,45.451737,9.1849995,45.451737,6.0,5.0,Porta Ticinese - Conca Del Naviglio,
7063,Corner Portello,"Via Palazzolo, 20",3279221208,15146,MILANO,15,MI,MILANO,30,LOMBARDIA,2016-01-07T00:00:00,,20149.0,8.0,71.0,VILLAPIZZONE - CAGNOLA - BOLDINASCO,"(45.48997800000001, 9.144468000000018)",9.144468,45.489978,9.144468,45.489978,71.0,8.0,Villapizzone - Cagnola - Boldinasco,
7168,PARAFARMACIA MANAS,VIA PALMANOVA 71,9745430158,15146,MILANO,15,MI,MILANO,30,LOMBARDIA,2011-01-02T00:00:00,,20132.0,2.0,19.0,PADOVA - TURRO - CRESCENZAGO,"(45.498636000000005, 9.2387655)",9.2387655,45.498636,9.2387655,45.498636,19.0,2.0,Padova - Turro - Crescenzago,
7472,salute e servizi srl,piazza Vigili del Fuoco 13,6796160965,15146,MILANO,15,MI,MILANO,30,LOMBARDIA,2011-01-07T00:00:00,,20134.0,3.0,23.0,LAMBRATE - ORTICA,"(45.47907900000001, 9.247117500000002)",9.2471175,45.479079,9.2471175,45.479079,23.0,3.0,Lambrate - Ortica,
7860,parafarmacia degli arcimboldi,"piazza della trivulziana, 1",7584590967,15146,MILANO,15,MI,MILANO,30,LOMBARDIA,2011-01-12T00:00:00,,20126.0,9.0,15.0,BICOCCA,"(45.51462000000001, 9.211567500000001)",9.2115675,45.51462,9.2115675,45.51462,15.0,9.0,Bicocca,
7956,Essere Benessere San Carlo,"Corso Europa, 12",12540590150,15146,MILANO,15,MI,MILANO,30,LOMBARDIA,2012-01-01T00:00:00,,20122.0,1.0,1.0,DUOMO,"(45.464256000000006, 9.196631999999994)",9.196632,45.464256,9.196632,45.464256,1.0,1.0,Duomo,
7996,PHARMALITE S.R.L.,"Via G. B. Morgagni, 39",9531861210,15146,MILANO,15,MI,MILANO,30,LOMBARDIA,2022-01-02T00:00:00,,20121.0,1.0,1.0,DUOMO,"(45.4666212, 9.1906166)",9.1906166,45.4666212,9.1906166,45.4666212,1.0,1.0,Duomo,
8092,MEDICAL CARE SRL,"Viale Zara, 112",12497410964,15146,MILANO,15,MI,MILANO,30,LOMBARDIA,2022-01-11T00:00:00,,20125.0,2.0,12.0,MACIACHINI - MAGGIOLINA,"(45.498096000000004, 9.19636650000001)",9.1963665,45.498096,9.19636650000001,45.498096,12.0,2.0,Maciachini - Maggiolina,
8130,Radaelli Roberta Maria,Via Antonio Mosca 185/a,6637470961,15146,MILANO,15,MI,MILANO,30,LOMBARDIA,2012-01-03T00:00:00,,20152.0,7.0,54.0,MUGGIANO,"(45.450378, 9.069439500000016)",9.0694395,45.450378,9.069439500000016,45.450378,54.0,7.0,Muggiano,
8211,Essere Benessere Milano San Marco,"Via San Marco, 12",8440100967,15146,MILANO,15,MI,MILANO,30,LOMBARDIA,2015-01-07T00:00:00,,20121.0,1.0,2.0,BRERA,"(45.474489000000005, 9.188307000000009)",9.188307,45.474489,9.188307,45.474489,2.0,1.0,Brera,
8212,ESSERE BENESSERE,"Viale Marche, 63",4691260287,15146,MILANO,15,MI,MILANO,30,LOMBARDIA,2015-01-08T00:00:00,,20159.0,9.0,11.0,ISOLA,"(45.49590900000001, 9.192478499999993)",9.1924785,45.495909,9.1924785,45.495909,11.0,9.0,Isola,
11775,Amazon Parafarmacia &amp; Beauty,"Piazzale Luigi Cadorna, 4",13355870968,15146,MILANO,15,MI,MILANO,30,LOMBARDIA,2025-01-03T00:00:00,,20123.0,1.0,1.0,DUOMO,"(45.468378, 9.177615000000003)",9.177615,45.468378,9.177615,45.468378,1.0,1.0,Duomo,
8231,MEDI-MARKET ITALIA SRL,Via Torino 51,4873590964,15146,MILANO,15,MI,MILANO,30,LOMBARDIA,2022-01-08T00:00:00,,20123.0,1.0,1.0,DUOMO,"(45.460836, 9.184437000000003)",9.184437,45.460836,9.184437,45.460836,1.0,1.0,Duomo,
8514,Atrike srl,Via Carlo Tenca 22,7803370969,15146,MILANO,15,MI,MILANO,30,LOMBARDIA,2012-01-06T00:00:00,,20124.0,2.0,10.0,STAZIONE CENTRALE - PONTE SEVESO,"(45.48155400000002, 9.202927500000015)",9.2029275,45.481554,9.202927500000015,45.481554,10.0,2.0,Stazione Centrale - Ponte Seveso,
8564,Parafarmacia di Silvia Massimelli,Viale Abruzzi 16/Via Plinio 46,4442410967,15146,MILANO,15,MI,MILANO,30,LOMBARDIA,2012-01-06T00:00:00,,20131.0,3.0,21.0,BUENOS AIRES - PORTA VENEZIA - PORTA MONFORTE,"(45.4761, 9.217422)",9.217422,45.4761,9.217422,45.4761,21.0,3.0,Buenos Aires - Porta Venezia - Porta Monforte,
8685,OLISTICA OSPEDALIERA,VIA vENEZIAN 1,7634240969,15146,MILANO,15,MI,MILANO,30,LOMBARDIA,2012-01-08T00:00:00,,20121.0,1.0,1.0,DUOMO,"(45.46728000000002, 9.197793000000019)",9.197793,45.46728,9.197793,45.46728,1.0,1.0,Duomo,
8751,Il benessere in citt S.r.l,"via Lanino, 2",7881490960,15146,MILANO,15,MI,MILANO,30,LOMBARDIA,2012-01-09T00:00:00,,20121.0,1.0,1.0,DUOMO,"(45.4666212, 9.1906166)",9.1906166,45.4666212,9.1906166,45.4666212,1.0,1.0,Duomo,
8794,PARAFARMACIA MELLONI,VIA MACEDONIO MELLONI 32,7841180966,15146,MILANO,15,MI,MILANO,30,LOMBARDIA,2012-01-10T00:00:00,,20129.0,4.0,26.0,XXII MARZO,"(45.466542000000004, 9.212881500000009)",9.2128815,45.466542,9.2128815,45.466542,26.0,4.0,Xxii Marzo,
8983,Parafarmacia S. Ambrogio,via edmondo de amicis 33,7974050960,15146,MILANO,15,MI,MILANO,30,LOMBARDIA,2012-01-12T00:00:00,,20123.0,1.0,7.0,MAGENTA - S. VITTORE,"(45.459306, 9.176598000000013)",9.176598,45.459306,9.176598,45.459306,7.0,1.0,Magenta - S. Vittore,
9089,La Bottega dello Speziale del dott. Banfi Giorgio,"piazza Gambara, 5",5538380964,15146,MILANO,15,MI,MILANO,30,LOMBARDIA,2013-01-02T00:00:00,,20152.0,7.0,55.0,BAGGIO - Q.RE DEGLI OLMI - Q.RE VALSESIA,"(45.462564000000015, 9.09357750000001)",9.0935775,45.462564,9.0935775,45.462564,55.0,7.0,Baggio - Q.Re Degli Olmi - Q.Re Valsesia,
9265,Parafarmacia IGEA,viale Gran Sasso 5,8101630963,15146,MILANO,15,MI,MILANO,30,LOMBARDIA,2013-01-04T00:00:00,,20131.0,3.0,21.0,BUENOS AIRES - PORTA VENEZIA - PORTA MONFORTE,"(45.483327, 9.218281500000018)",9.2182815,45.483327,9.218281500000018,45.483327,21.0,3.0,Buenos Aires - Porta Venezia - Porta Monforte,
9786,DR. FLEMING,VIA PONTACCIO 6,7968240965,15146,MILANO,15,MI,MILANO,30,LOMBARDIA,2013-01-10T00:00:00,,20121.0,1.0,2.0,BRERA,"(45.47286, 9.186862500000018)",9.1868625,45.47286,9.186862500000018,45.47286,2.0,1.0,Brera,
10196,Parafarmacia dott.E.Cervetti,"Viale San Michele del Carso, 10",8542270965,15146,MILANO,15,MI,MILANO,30,LOMBARDIA,2014-01-04T00:00:00,,20144.0,7.0,51.0,PORTA MAGENTA,"(45.464832, 9.164299499999998)",9.1642995,45.464832,9.1642995,45.464832,51.0,7.0,Porta Magenta,
10322,Doc generici srl,"Via Turati, 40",11845960159,15146,MILANO,15,MI,MILANO,30,LOMBARDIA,2014-01-05T00:00:00,,,,,,,,,,,,,,
10352,PARAFARMACIA VENETO,"Via VITTORIO VENETO, 10",8642530961,15146,MILANO,15,MI,MILANO,30,LOMBARDIA,2014-01-05T00:00:00,,20124.0,3.0,21.0,BUENOS AIRES - PORTA VENEZIA - PORTA MONFORTE,"(45.475965, 9.202662000000004)",9.202662,45.475965,9.202662,45.475965,21.0,3.0,Buenos Aires - Porta Venezia - Porta Monforte,
10497,Parafarmacia Bosciaclub,"Via Cassinis, 83",11475090962,15146,MILANO,15,MI,MILANO,30,LOMBARDIA,2021-01-04T00:00:00,,20121.0,1.0,1.0,DUOMO,"(45.4666211, 9.1906166)",9.1906166,45.4666211,9.1906166,45.4666211,1.0,1.0,Duomo,
10533,Parafarmacia San Riccardo,"Via Antonio Bazzini, 1",6652520963,15146,MILANO,15,MI,MILANO,30,LOMBARDIA,2014-01-08T00:00:00,,20131.0,3.0,22.0,CITTA' STUDI,"(45.48091500000001, 9.224954999999994)",9.224955,45.480915,9.224955,45.480915,22.0,3.0,Citta' Studi,
10557,Parafarmacia Erboristeria Alchemilla,"Via Meravigli, 18",8731780964,15146,MILANO,15,MI,MILANO,30,LOMBARDIA,2014-01-09T00:00:00,,20123.0,1.0,1.0,DUOMO,"(45.465705000000014, 9.180850499999991)",9.1808505,45.465705,9.1808505,45.465705,1.0,1.0,Duomo,
10763,PARAFARMACIA REGINA DI SILVESTRIS ADRIANA MARCELLA,"Viale GORIZIA, 12",13036581000,15146,MILANO,15,MI,MILANO,30,LOMBARDIA,2014-01-12T00:00:00,,20144.0,6.0,44.0,PORTA TICINESE - CONCHETTA,"(45.45402300000001, 9.173911500000003)",9.1739115,45.454023,9.1739115,45.454023,44.0,6.0,Porta Ticinese - Conchetta,
10876,ARTEMISIA GALENICA S.R.L.,"Viale VITTORIO VENETO,, 22",8750840962,15146,MILANO,15,MI,MILANO,30,LOMBARDIA,2015-01-02T00:00:00,,20124.0,2.0,10.0,STAZIONE CENTRALE - PONTE SEVESO,"(45.476991, 9.200416500000017)",9.2004165,45.476991,9.200416500000017,45.476991,10.0,2.0,Stazione Centrale - Ponte Seveso,
10915,Planta Officinalis Laboratorio Del Farmacista del Dott. Luca Frezza,"Via Ruggero di Lauria, 5",3456530124,15146,MILANO,15,MI,MILANO,30,LOMBARDIA,2015-01-03T00:00:00,,20149.0,8.0,67.0,PORTELLO,"(45.48563999999999, 9.155969999999996)",9.15597,45.48564,9.15597,45.48564,67.0,8.0,Portello,
11101,PARAFARMACIA PORTELLO,"Via GROSOTTO, 7",3279221208,15146,MILANO,15,MI,MILANO,30,LOMBARDIA,2015-01-05T00:00:00,,20149.0,8.0,71.0,VILLAPIZZONE - CAGNOLA - BOLDINASCO,"(45.490815, 9.14656500000001)",9.146565,45.490815,9.146565,45.490815,71.0,8.0,Villapizzone - Cagnola - Boldinasco,
11125,Parafarmacia Monte Ceneri,"Viale Monte Ceneri, 78",5951510964,15146,MILANO,15,MI,MILANO,30,LOMBARDIA,2015-01-06T00:00:00,,20155.0,8.0,71.0,VILLAPIZZONE - CAGNOLA - BOLDINASCO,"(45.49049099999999, 9.151758000000001)",9.151758,45.490491,9.151758,45.490491,71.0,8.0,Villapizzone - Cagnola - Boldinasco,
11166,Farmachl dott.ssa Susanna Trave,"Via Pompeo Litta, 2",8836670961,15146,MILANO,15,MI,MILANO,30,LOMBARDIA,2015-01-06T00:00:00,,20122.0,1.0,4.0,GUASTALLA,"(45.46296000000001, 9.204687000000007)",9.204687,45.46296,9.204687,45.46296,4.0,1.0,Guastalla,
12342,+Medical Milano Bonola,"Via Giacomo Quarenghi, 23",1590200125,15146,MILANO,15,MI,MILANO,30,LOMBARDIA,2025-01-07T00:00:00,,20151.0,8.0,65.0,Q.RE GALLARATESE - Q.RE SAN LEONARDO - LAMPUGNANO,"(45.495836999999995, 9.11478600000001)",9.114786,45.495837,9.114786,45.495837,65.0,8.0,Q.Re Gallaratese - Q.Re San Leonardo - Lampugnano,
12500,Amanter,"Via Benedetto Marcello, 1",9759070965,15146,MILANO,15,MI,MILANO,30,LOMBARDIA,2017-01-03T00:00:00,,20124.0,3.0,21.0,BUENOS AIRES - PORTA VENEZIA - PORTA MONFORTE,"(45.479096999999996, 9.205793999999997)",9.205794,45.479097,9.205794,45.479097,21.0,3.0,Buenos Aires - Porta Venezia - Porta Monforte,
12567,Parafarmacia Sanitas dr.ssa Manuela Businelli,"Via T. Salvini, 2",10376980156,15146,MILANO,15,MI,MILANO,30,LOMBARDIA,2017-01-04T00:00:00,,20122.0,1.0,4.0,GUASTALLA,"(45.47193300000001, 9.203152500000016)",9.2031525,45.471933,9.203152500000016,45.471933,4.0,1.0,Guastalla,
12813,CADDY'S,"Viale Monza, 139",2621450283,15146,MILANO,15,MI,MILANO,30,LOMBARDIA,2023-01-04T00:00:00,,20125.0,2.0,19.0,PADOVA - TURRO - CRESCENZAGO,"(45.50043600000001, 9.220765499999999)",9.2207655,45.500436,9.2207655,45.500436,19.0,2.0,Padova - Turro - Crescenzago,
12961,LloydsSalute,"Galleria Castelli Ferrieri, 5N02",3279221208,15146,MILANO,15,MI,MILANO,30,LOMBARDIA,2017-01-10T00:00:00,,20145.0,8.0,59.0,TRE TORRI,"(45.47832300000002, 9.158125500000011)",9.1581255,45.478323,9.158125500000011,45.478323,59.0,8.0,Tre Torri,
13261,PARAFARMACIA SANITAS,"Via PAOLO SARPI, 20",10219280962,15146,MILANO,15,MI,MILANO,30,LOMBARDIA,2018-01-03T00:00:00,,20154.0,8.0,69.0,SARPI,"(45.481581000000006, 9.177633000000014)",9.177633,45.481581,9.177633,45.481581,69.0,8.0,Sarpi,
13276,Parafarmacia,"Via Riccardo Pitteri, 84",4916380159,15146,MILANO,15,MI,MILANO,30,LOMBARDIA,2018-01-04T00:00:00,,20134.0,3.0,23.0,LAMBRATE - ORTICA,"(45.47768400000001, 9.246928499999996)",9.2469285,45.477684,9.2469285,45.477684,23.0,3.0,Lambrate - Ortica,
13776,Parafarmacia,"Via C. De Angeli, 1",4916380159,15146,MILANO,15,MI,MILANO,30,LOMBARDIA,2018-01-11T00:00:00,,20141.0,5.0,37.0,MORIVIONE,"(45.443231999999995, 9.198306000000002)",9.198306,45.443232,9.198306,45.443232,37.0,5.0,Morivione,
14175,GAMMA SALUTE SESTO ARGONNE SLR,"Via ARGONNE, 10",10731020961,15146,MILANO,15,MI,MILANO,30,LOMBARDIA,2019-01-05T00:00:00,,20133.0,4.0,25.0,CORSICA,"(45.46764000000002, 9.226602000000014)",9.226602,45.46764,9.226602,45.46764,25.0,4.0,Corsica,
14177,GAMMA SALUTE SESTO CORSICA SLR,"Via NEGROLI, 2",10765550966,15146,MILANO,15,MI,MILANO,30,LOMBARDIA,2019-01-05T00:00:00,,20133.0,4.0,25.0,CORSICA,"(45.462627, 9.232672500000007)",9.2326725,45.462627,9.2326725,45.462627,25.0,4.0,Corsica,
14203,Parafarmacia,"Via Pellegrino Rossi, 63",4916380159,15146,MILANO,15,MI,MILANO,30,LOMBARDIA,2019-01-06T00:00:00,,20161.0,9.0,80.0,AFFORI,"(45.51230699999999, 9.174532499999998)",9.1745325,45.512307,9.1745325,45.512307,80.0,9.0,Affori,
14261,PARAFARMACIA ROMOLO,"Viale ROMOLO, 1",10781220966,15146,MILANO,15,MI,MILANO,30,LOMBARDIA,2019-01-07T00:00:00,,20143.0,6.0,44.0,PORTA TICINESE - CONCHETTA,"(45.444411, 9.167220000000015)",9.16722,45.444411,9.16722,45.444411,44.0,6.0,Porta Ticinese - Conchetta,
14331,Salus Omikron Stores,"Via Tiraboschi, 19",14652501009,15146,MILANO,15,MI,MILANO,30,LOMBARDIA,2019-01-08T00:00:00,,20135.0,4.0,27.0,PTA ROMANA,"(45.45350100000002, 9.209052000000014)",9.209052,45.453501,9.209052,45.453501,27.0,4.0,Pta Romana,
14434,Vitruvio,"Via Vitruvio, 39",10881640964,15146,MILANO,15,MI,MILANO,30,LOMBARDIA,2019-01-10T00:00:00,,20124.0,3.0,21.0,BUENOS AIRES - PORTA VENEZIA - PORTA MONFORTE,"(45.48221100000001, 9.206793000000005)",9.206793,45.482211,9.206793,45.482211,21.0,3.0,Buenos Aires - Porta Venezia - Porta Monforte,
14647,GAMMA SALUTE SESTO LOSANNA SRL,"Via LOSANNA, 14",11186240963,15146,MILANO,15,MI,MILANO,30,LOMBARDIA,2020-01-02T00:00:00,,20154.0,8.0,69.0,SARPI,"(45.48537000000002, 9.163039499999996)",9.1630395,45.48537,9.1630395,45.48537,69.0,8.0,Sarpi,
14745,Parafarmacia,"Via Adriano, 81",4916380159,15146,MILANO,15,MI,MILANO,30,LOMBARDIA,2020-01-05T00:00:00,,20128.0,2.0,17.0,ADRIANO,"(45.514196999999996, 9.243809999999996)",9.24381,45.514197,9.24381,45.514197,17.0,2.0,Adriano,
14900,COOP,"Via Arona, 15",856620158,15146,MILANO,15,MI,MILANO,30,LOMBARDIA,2020-01-09T00:00:00,,20149.0,8.0,67.0,PORTELLO,"(45.482607, 9.158872500000001)",9.1588725,45.482607,9.1588725,45.482607,67.0,8.0,Portello,
14924,Best Pharma Farini - Beauty - parafarmacia -benessere,"Viale farini n. 74 angolo via stelvio, 74",11060100960,15146,MILANO,15,MI,MILANO,30,LOMBARDIA,2020-01-09T00:00:00,,20158.0,9.0,78.0,FARINI,"(45.495765000000006, 9.181466999999998)",9.181467,45.495765,9.181467,45.495765,78.0,9.0,Farini,
14996,PARAFARMACIA DOTT.SSA ANTONIA CHIAVUZZI,"Via Ferdinando Marescalchi, 11",11418890965,15146,MILANO,15,MI,MILANO,30,LOMBARDIA,2020-01-10T00:00:00,,20133.0,3.0,22.0,CITTA' STUDI,"(45.469188, 9.234688500000004)",9.2346885,45.469188,9.2346885,45.469188,22.0,3.0,Citta' Studi,
15050,Parafarmacia Letteraria,"Via Carducci, 9",11352020967,15146,MILANO,15,MI,MILANO,30,LOMBARDIA,2020-01-11T00:00:00,,20123.0,1.0,1.0,DUOMO,"(45.46638899999999, 9.176184000000006)",9.176184,45.466389,9.176184,45.466389,1.0,1.0,Duomo,
15075,Naturalmente Salute Srls,"Viale Montenero, 13/15",11415160966,15146,MILANO,15,MI,MILANO,30,LOMBARDIA,2020-01-12T00:00:00,,20135.0,4.0,27.0,PTA ROMANA,"(45.45554330900006, 9.204611706000037)",9.204611706000037,45.45554330900006,9.204611706000037,45.45554330900006,27.0,4.0,Pta Romana,
15121,parafarmacia todesco srls,"Via lomellina, 21",11549970967,15146,MILANO,15,MI,MILANO,30,LOMBARDIA,2021-01-01T00:00:00,,20133.0,4.0,25.0,CORSICA,"(45.464687999999995, 9.229954499999991)",9.2299545,45.464688,9.2299545,45.464688,25.0,4.0,Corsica,
15133,Parafarmacia,"Via C. Isotta, 7",4916380159,15146,MILANO,15,MI,MILANO,30,LOMBARDIA,2021-01-01T00:00:00,,20142.0,5.0,41.0,GRATOSOGLIO - Q.RE MISSAGLIA - Q.RE TERRAZZE,"(45.421002000000016, 9.177439499999991)",9.1774395,45.421002,9.1774395,45.421002,41.0,5.0,Gratosoglio - Q.Re Missaglia - Q.Re Terrazze,
15913,PARAFARMACIA 1000FARMACIE,"Via SAVONA, 129",9449391219,15146,MILANO,15,MI,MILANO,30,LOMBARDIA,2022-01-10T00:00:00,,20144.0,6.0,49.0,GIAMBELLINO,"(45.448020000000014, 9.145331999999996)",9.145332,45.44802,9.145332,45.44802,49.0,6.0,Giambellino,
15220,PARAFARMACIA MEDEA D.SSA CHIARA BRAMBILLA,"Via LAMARMORA, 24",2586030468,15146,MILANO,15,MI,MILANO,30,LOMBARDIA,2021-01-03T00:00:00,,20122.0,1.0,4.0,GUASTALLA,"(45.456624000000005, 9.199804499999999)",9.1998045,45.456624,9.1998045,45.456624,4.0,1.0,Guastalla,
15261,SI.RI.E. S.R.L.,"Ripa DI PORTA TICINESE, 79",12129600156,15146,MILANO,15,MI,MILANO,30,LOMBARDIA,2021-01-04T00:00:00,,20143.0,6.0,44.0,PORTA TICINESE - CONCHETTA,"(45.449802000000005, 9.167607000000004)",9.167607,45.449802,9.167607,45.449802,44.0,6.0,Porta Ticinese - Conchetta,
15323,PARAFARMACIA,"Via Solari, 29",4916380159,15146,MILANO,15,MI,MILANO,30,LOMBARDIA,2021-01-05T00:00:00,,20144.0,6.0,50.0,PORTA GENOVA,"(45.454814999999996, 9.162026999999995)",9.162027,45.454815,9.162027,45.454815,50.0,6.0,Porta Genova,
15354,FarmaTake.it,"Viale Gran Sasso, 38",10896410965,15146,MILANO,15,MI,MILANO,30,LOMBARDIA,2021-01-06T00:00:00,,20131.0,3.0,21.0,BUENOS AIRES - PORTA VENEZIA - PORTA MONFORTE,"(45.481221000000005, 9.221472000000006)",9.221472,45.481221,9.221472,45.481221,21.0,3.0,Buenos Aires - Porta Venezia - Porta Monforte,
15438,+ Medical Porta Garibaldi F.S. MI,Galleria Stazione Ferroviaria Porta Garibaldi,1590200125,15146,MILANO,15,MI,MILANO,30,LOMBARDIA,2021-01-08T00:00:00,,20154.0,9.0,9.0,PORTA GARIBALDI - PORTA NUOVA,"(45.4844806, 9.1873881)",9.1873881,45.4844806,9.1873881,45.4844806,9.0,9.0,Porta Garibaldi - Porta Nuova,
15484,MEDI-MARKET ITALIA SRL,"Corso Garibaldi, 49",4873590964,15146,MILANO,15,MI,MILANO,30,LOMBARDIA,2021-01-09T00:00:00,,20121.0,1.0,2.0,BRERA,"(45.47393099999999, 9.183195000000012)",9.183195,45.473931,9.183195,45.473931,2.0,1.0,Brera,
15619,CENTRO SALUTE DOTTORESSA GAROZZO SRL,"Viale Col di Lana, 2",8521790967,15146,MILANO,15,MI,MILANO,30,LOMBARDIA,2022-01-01T00:00:00,,20136.0,5.0,6.0,PORTA TICINESE - CONCA DEL NAVIGLIO,"(45.45206999999999, 9.181682999999992)",9.181683,45.45207,9.181683,45.45207,6.0,5.0,Porta Ticinese - Conca Del Naviglio,
15849,MEDI-MARKET ITALIA SRL,"Corso Genova, 27",4873590964,15146,MILANO,15,MI,MILANO,30,LOMBARDIA,2022-01-08T00:00:00,,20123.0,1.0,6.0,PORTA TICINESE - CONCA DEL NAVIGLIO,"(45.45624599999999, 9.174348000000009)",9.174348,45.456246,9.174348,45.456246,6.0,1.0,Porta Ticinese - Conca Del Naviglio,
15852,PHARMAMED PERFUMS SRLS,"Via G. B. BERTINI, 6",12270920965,15146,MILANO,15,MI,MILANO,30,LOMBARDIA,2022-01-08T00:00:00,,20154.0,8.0,69.0,SARPI,"(45.48156300000001, 9.170755)",9.170755,45.481563,9.170755,45.481563,69.0,8.0,Sarpi,
15859,Parafarmacia Farmaco24,"Via Tito Livio, 21",11353620963,15146,MILANO,15,MI,MILANO,30,LOMBARDIA,2022-01-08T00:00:00,,20137.0,4.0,28.0,UMBRIA - MOLISE - CALVAIRATE,"(45.45133200000001, 9.218070000000012)",9.21807,45.451332,9.21807,45.451332,28.0,4.0,Umbria - Molise - Calvairate,
16164,GIULIUS,"Via Londonio, 20/A",935301002,15146,MILANO,15,MI,MILANO,30,LOMBARDIA,2023-01-09T00:00:00,,20154.0,8.0,69.0,SARPI,"(45.48053113033352, 9.168852725872823)",9.168852725872823,45.48053113033352,9.168852725872823,45.48053113033352,69.0,8.0,Sarpi,
16208,CADDY'S,"Via Lomellina, 1",2621450283,15146,MILANO,15,MI,MILANO,30,LOMBARDIA,2023-01-07T00:00:00,,20133.0,4.0,25.0,CORSICA,"(45.46278000000001, 9.229976999999991)",9.229977,45.46278,9.229977,45.46278,25.0,4.0,Corsica,
16230,MIRASOLVIA OFFICINA ALCHEMICA PARAFARMACIA,"Via VOGHERA, 4",12491650961,15146,MILANO,15,MI,MILANO,30,LOMBARDIA,2023-01-07T00:00:00,,20144.0,6.0,50.0,PORTA GENOVA,"(45.45461700000001, 9.168493500000011)",9.1684935,45.454617,9.168493500000011,45.454617,50.0,6.0,Porta Genova,
16233,PHARMAPOINT,"Via GIACOMO VENEZIAN, 1",12873940964,15146,MILANO,15,MI,MILANO,30,LOMBARDIA,2023-01-07T00:00:00,,20133.0,3.0,22.0,CITTA' STUDI,"(45.474399000000005, 9.231363000000016)",9.231363,45.474399,9.231363,45.474399,22.0,3.0,Citta' Studi,
16261,PARAFARMACIA LORENTEGGIO,"Via LORENTEGGIO, 44",13027670960,15146,MILANO,15,MI,MILANO,30,LOMBARDIA,2023-01-08T00:00:00,,20146.0,6.0,52.0,BANDE NERE,"(45.45295200000001, 9.145269000000013)",9.145269,45.452952,9.145269,45.452952,52.0,6.0,Bande Nere,
16416,MEDI-MARKET ITALIA,"Via DAIMLER GOTTLIEB WILHELM, 61",4873590964,15146,MILANO,15,MI,MILANO,30,LOMBARDIA,2024-01-01T00:00:00,,20151.0,8.0,72.0,MAGGIORE - MUSOCCO - CERTOSA,"(45.50662969900003, 9.100843387000054)",9.100843387000054,45.50662969900003,9.100843387000054,45.50662969900003,72.0,8.0,Maggiore - Musocco - Certosa,
16552,MEDI - MARKET ITALIA,"Corso BUENOS AIRES, 10",4873590964,15146,MILANO,15,MI,MILANO,30,LOMBARDIA,2024-01-04T00:00:00,,20124.0,3.0,21.0,BUENOS AIRES - PORTA VENEZIA - PORTA MONFORTE,"(45.476316, 9.2071215)",9.2071215,45.476316,9.2071215,45.476316,21.0,3.0,Buenos Aires - Porta Venezia - Porta Monforte,
16559,4AID RETAIL SRL,"Via CHIESE, 4",4274360165,15146,MILANO,15,MI,MILANO,30,LOMBARDIA,2024-01-04T00:00:00,,20126.0,9.0,15.0,BICOCCA,"(45.52194134600006, 9.211547487000075)",9.211547487000075,45.52194134600006,9.211547487000075,45.52194134600006,15.0,9.0,Bicocca,
16666,SANTAGOSTINO SHOP,"Piazza SANT'AGOSTINO, 1",9820240969,15146,MILANO,15,MI,MILANO,30,LOMBARDIA,2024-01-07T00:00:00,,20123.0,1.0,7.0,MAGENTA - S. VITTORE,"(45.45866699999999, 9.170577000000009)",9.170577,45.458667,9.170577,45.458667,7.0,1.0,Magenta - S. Vittore,
16684,+Medical Milano Centrale,Piazzale Duca D'Aosta - Staz. Centrale,1590200125,15146,MILANO,15,MI,MILANO,30,LOMBARDIA,2024-01-07T00:00:00,,20124.0,2.0,10.0,STAZIONE CENTRALE - PONTE SEVESO,"(45.4855011, 9.201796)",9.201796,45.4855011,9.201796,45.4855011,10.0,2.0,Stazione Centrale - Ponte Seveso,
16742,Parafarmacia,"Via Palizzi, 69",4916380159,15146,MILANO,15,MI,MILANO,30,LOMBARDIA,2024-01-09T00:00:00,,20157.0,8.0,76.0,QUARTO OGGIARO - VIALBA - MUSOCCO,"(45.50739300000001, 9.138033000000007)",9.138033,45.507393,9.138033,45.507393,76.0,8.0,Quarto Oggiaro - Vialba - Musocco,
